0,,,asdf@gmail.com,1234,sccecec
1,"nb vd  d",efvevv,adcwc@gmail.com,hcbjhebjh,"jec jebjh"
2,ehbhjeb,hvhchc,sggg@gmail.com,1234,cfrghynb
3,ndvkefvk,jsdcjheb,sdcj@gmail.com,jcejhcbehc,jehcbjb
4,"bvb hv","mhhv hg",likhonffb662@gmail.com,89,jbgb
5,nbj,kbjbnjni$,likhonffb662@gmail.com,9898787,jhvb
6,asffg,"$bc j#",likhonffb662@gmail.com,1234,dcwdc
7,sdfa,dfghfhg,likhon@gmail.com,12467879809,gjhvjh
8,asifa,hmed,asif@gmail.com,12345674897,vucvuhecbub
9,asif,ahmed,asif@gmail.com,01773439315,gdvcjhebcjhbhcb
10,gfdf,dstdt,szs@gmail.com,12345678987,yfffvyg
